Stock_Allocation_Pct,Bond_Allocation_Pct,Monthly_Withdrawal,Survival_Probability
20.0,40.0,0.0,100.0
20.0,40.0,2500.0,0.0
20.0,40.0,5000.0,0.0
20.0,40.0,7500.0,0.0
20.0,40.0,10000.0,0.0
35.0,32.49999999999999,0.0,100.0
35.0,32.49999999999999,2500.0,0.0
35.0,32.49999999999999,5000.0,0.0
35.0,32.49999999999999,7500.0,0.0
35.0,32.49999999999999,10000.0,0.0
50.0,24.999999999999996,0.0,100.0
50.0,24.999999999999996,2500.0,0.0
50.0,24.999999999999996,5000.0,0.0
50.0,24.999999999999996,7500.0,0.0
50.0,24.999999999999996,10000.0,0.0
65.00000000000001,17.49999999999999,0.0,100.0
65.00000000000001,17.49999999999999,2500.0,0.0
65.00000000000001,17.49999999999999,5000.0,0.0
65.00000000000001,17.49999999999999,7500.0,0.0
65.00000000000001,17.49999999999999,10000.0,0.0
80.0,9.999999999999996,0.0,100.0
80.0,9.999999999999996,2500.0,0.0
80.0,9.999999999999996,5000.0,0.0
80.0,9.999999999999996,7500.0,0.0
80.0,9.999999999999996,10000.0,0.0
